Quem Indicou,Categoria,Quadrinho,Autor
09e3d425a2121937b0f9fe98d5ffd513,Um quadrinho para quem não lê quadrinhos,Maus,Art Spiegelman
09e3d425a2121937b0f9fe98d5ffd513,Quadrinho para rir,O Homem ideal - Ralf Konig,
09e3d425a2121937b0f9fe98d5ffd513,Quadrinho para chorar,Calvin e Haroldo,
09e3d425a2121937b0f9fe98d5ffd513,Um quadrinho nacional,Vida Boa - Fabio Zimbres,
09e3d425a2121937b0f9fe98d5ffd513,Um quadrinho que todo mundo gosta menos você,Estranhos no Paraíso - Terry Moore,
09e3d425a2121937b0f9fe98d5ffd513,Quadrinho que mudou sua vida,Hulk de volta ao deserto,
09e3d425a2121937b0f9fe98d5ffd513,Um/uma quadrinista,Power Paola,
09e3d425a2121937b0f9fe98d5ffd513,Indicação Livre,Apocalipse por favor - Felipe Parucci,
0ca37197c4ce739f3fcb3048ecd46a36,Quadrinho para rir,O arabe do futuro,
0ca37197c4ce739f3fcb3048ecd46a36,Quadrinho para chorar,Semilunar - Camilo Solano,
0ca37197c4ce739f3fcb3048ecd46a36,Um quadrinho que todo mundo gosta menos você,Cavaleiro das trevas,
0ca37197c4ce739f3fcb3048ecd46a36,Um quadrinho para quem não lê quadrinhos,Quadrinhos A2,
0ca37197c4ce739f3fcb3048ecd46a36,Quadrinho que mudou sua vida,Retalhos - Craig Thompson,
0ca37197c4ce739f3fcb3048ecd46a36,Um/uma quadrinista,-,Will Eisner
0ca37197c4ce739f3fcb3048ecd46a36,Indicação Livre,Raul - Alexandre de Maio,
0ca37197c4ce739f3fcb3048ecd46a36,Um quadrinho nacional,La Dansarina,
16d240283b378dd91c391c537a9fe548,Quadrinho para rir,Macaco Albino,
16d240283b378dd91c391c537a9fe548,Indicação Livre,Akira,
16d240283b378dd91c391c537a9fe548,Um/uma quadrinista,Alan Moore,
16d240283b378dd91c391c537a9fe548,Quadrinho que mudou sua vida,Passarihos - Hector & Afonso,
16d240283b378dd91c391c537a9fe548,Quadrinho para chorar,Pobre Marinheiro,
16d240283b378dd91c391c537a9fe548,Um quadrinho que todo mundo gosta menos você,Retalhos - Craig Thompson,
16d240283b378dd91c391c537a9fe548,Um quadrinho nacional,Diomedes - Lourenço,
16d240283b378dd91c391c537a9fe548,Um quadrinho para quem não lê quadrinhos,Klaus - Felipe Nunes,
1ca1bf8a788684d31523bf10e24157ac,Indicação Livre,Formigueiro - Michael,
1ca1bf8a788684d31523bf10e24157ac,Quadrinho que mudou sua vida,Lint - Chris Ware,
1ca1bf8a788684d31523bf10e24157ac,Um/uma quadrinista,Joe Sacco,
1ca1bf8a788684d31523bf10e24157ac,Um quadrinho nacional,Cachalote,
1ca1bf8a788684d31523bf10e24157ac,Quadrinho para chorar,Três sombras,
1ca1bf8a788684d31523bf10e24157ac,Quadrinho para rir,Wilson - Daniel Clowes,
1ca1bf8a788684d31523bf10e24157ac,Um quadrinho que todo mundo gosta menos você,Cavaleiro das trevas,
1ca1bf8a788684d31523bf10e24157ac,Um quadrinho para quem não lê quadrinhos,Peanuts,
1fd0291699df0a9b9c0aa223294dbf29,Indicação Livre,O fotógrafo,
1fd0291699df0a9b9c0aa223294dbf29,Quadrinho para rir,Cara-Unicórnio,
1fd0291699df0a9b9c0aa223294dbf29,Quadrinho para chorar,A propriedade - Rutu Modan,
1fd0291699df0a9b9c0aa223294dbf29,Um quadrinho que todo mundo gosta menos você,Lobo Solitário,
1fd0291699df0a9b9c0aa223294dbf29,Um quadrinho para quem não lê quadrinhos,Pílulas Azuis,
1fd0291699df0a9b9c0aa223294dbf29,Quadrinho que mudou sua vida,Bakuman,
1fd0291699df0a9b9c0aa223294dbf29,Um/uma quadrinista,Warren ellis,
1fd0291699df0a9b9c0aa223294dbf29,Um quadrinho nacional,Cortabundas - Talles Rodrigues,
238b875c814ff0ed80ca69e103098ac7,Um quadrinho que todo mundo gosta menos você,Uma irmã,
238b875c814ff0ed80ca69e103098ac7,Quadrinho para chorar,Culpa - Eiko,
238b875c814ff0ed80ca69e103098ac7,Quadrinho para rir,Dr. Slump,
238b875c814ff0ed80ca69e103098ac7,Indicação Livre,Ardaçén - Miguelanxo Prado,
238b875c814ff0ed80ca69e103098ac7,Um/uma quadrinista,Jefferson Costa,
238b875c814ff0ed80ca69e103098ac7,Quadrinho que mudou sua vida,Bob & Hary - Dois Anti-Heróis Americanos - Crumb & Pekar,
238b875c814ff0ed80ca69e103098ac7,Um quadrinho para quem não lê quadrinhos,Hell No! Leo Finocchi,
238b875c814ff0ed80ca69e103098ac7,Um quadrinho nacional,O dobro de Cinco - Lourenço Mutarelli,
25342952dc5e85b7c019f3cab535b85b,Quadrinho para rir,Xula - revista,
25342952dc5e85b7c019f3cab535b85b,Indicação Livre,Parafuso - Jão belo horizonte,
25342952dc5e85b7c019f3cab535b85b,Quadrinho para chorar,Lobo solitario 28,
25342952dc5e85b7c019f3cab535b85b,Um/uma quadrinista,Charles Burns,
25342952dc5e85b7c019f3cab535b85b,Quadrinho que mudou sua vida,"Lobo solitario 1, Jimmy Corrigan",
25342952dc5e85b7c019f3cab535b85b,Um quadrinho que todo mundo gosta menos você,One-punch man,
25342952dc5e85b7c019f3cab535b85b,Um quadrinho nacional,know haole 4,
27ddddfabd41f02cbfe53d1fc4535abf,Um quadrinho nacional,Mayara & Annabelle,
27ddddfabd41f02cbfe53d1fc4535abf,Um quadrinho que todo mundo gosta menos você,Jimmy Corgan,
27ddddfabd41f02cbfe53d1fc4535abf,Um quadrinho para quem não lê quadrinhos,Uma irmã,
27ddddfabd41f02cbfe53d1fc4535abf,Quadrinho que mudou sua vida,X-Men - The astonishing,
27ddddfabd41f02cbfe53d1fc4535abf,Indicação Livre,Kaijumax,
27ddddfabd41f02cbfe53d1fc4535abf,Um/uma quadrinista,Chris Bachalo,
27ddddfabd41f02cbfe53d1fc4535abf,Quadrinho para chorar,Não apontou nenhum,
27ddddfabd41f02cbfe53d1fc4535abf,Quadrinho para rir,Asterix - O dominio dos deuses,
28b145c611df3d549af87f25570e6cf1,Um quadrinho que todo mundo gosta menos você,A garagem hermética - Moebius,
28b145c611df3d549af87f25570e6cf1,Um quadrinho nacional,Yeshuah Absoluto,
28b145c611df3d549af87f25570e6cf1,Quadrinho para chorar,Peanuts,
28b145c611df3d549af87f25570e6cf1,Quadrinho para rir,Já era - Felipe Parucci,
28b145c611df3d549af87f25570e6cf1,Indicação Livre,Balas Perdidas - David Lapham,
28b145c611df3d549af87f25570e6cf1,Um quadrinho para quem não lê quadrinhos,Rugas - Paco Roca,
28b145c611df3d549af87f25570e6cf1,Um/uma quadrinista,Giancarlo Berardi,
28b145c611df3d549af87f25570e6cf1,Quadrinho que mudou sua vida,Estórias Gerais - Wellington Srbec e Colin,
3103e77111b5224bf27764284c9a8983,Quadrinho para chorar,The Amazing Spider-Man: The Death of Gwen Stacy,"Gerry Conway,  Stan Lee, Gil Kane"
3103e77111b5224bf27764284c9a8983,Um quadrinho nacional,Niquel nausea,Fernando Gonsales
3103e77111b5224bf27764284c9a8983,Um quadrinho que todo mundo gosta menos você,Aquaman,-
3103e77111b5224bf27764284c9a8983,Quadrinho que mudou sua vida,The Amazing Spider-Man: The Death of Gwen Stacy,"Gerry Conway,  Stan Lee, Gil Kane"
3103e77111b5224bf27764284c9a8983,Um/uma quadrinista,-,Todd McFarlane
3103e77111b5224bf27764284c9a8983,Quadrinho para rir,Deadpool #25,"Gerry Duggan,  Scott Koblish"
3103e77111b5224bf27764284c9a8983,Indicação Livre,Homem-Aranha: A última caçada de Kraven,Neil Kleid
348b985237cb3047ab4fde761c71f950,Indicação Livre,Matei meu pai e foi estranho,
348b985237cb3047ab4fde761c71f950,Quadrinho para chorar,Estigmas - Mattotti,
348b985237cb3047ab4fde761c71f950,Quadrinho que mudou sua vida,Umbigo sem fundo - Dash Shaw,
348b985237cb3047ab4fde761c71f950,Um quadrinho para quem não lê quadrinhos,Persépolis,
348b985237cb3047ab4fde761c71f950,Quadrinho para rir,Compêndio,
348b985237cb3047ab4fde761c71f950,Um/uma quadrinista,Jason,
348b985237cb3047ab4fde761c71f950,Um quadrinho que todo mundo gosta menos você,Piada Mortal,
348b985237cb3047ab4fde761c71f950,Um quadrinho nacional,Ipsilone - Rafael Sica,
38e32429a7f5fd7a76d818587bcb7eca,Quadrinho para chorar,A chegada Shaun tan,
38e32429a7f5fd7a76d818587bcb7eca,Um quadrinho nacional,QUAD,
38e32429a7f5fd7a76d818587bcb7eca,Um quadrinho que todo mundo gosta menos você,Deadpool,"Gerry Duggan,  Scott Koblish"
38e32429a7f5fd7a76d818587bcb7eca,Quadrinho que mudou sua vida,"A Morte do Superman, Volume 1","Dan Jurgens,  Jerry Ordway"
38e32429a7f5fd7a76d818587bcb7eca,Um/uma quadrinista,Jason Aaron,
38e32429a7f5fd7a76d818587bcb7eca,Indicação Livre,Ruínas - Peter Kuper,
38e32429a7f5fd7a76d818587bcb7eca,Quadrinho para rir,Mortadelo e filemon espanha,
39bd26478e484da603e696399ee666ec,Indicação Livre,The Incal,"Alejandro Jodorowsky, Jean Giraud"
39bd26478e484da603e696399ee666ec,Um/uma quadrinista,-,Alex Ross
39bd26478e484da603e696399ee666ec,Quadrinho que mudou sua vida,X-men. Massacre - Volume 1,Mark Waid
39bd26478e484da603e696399ee666ec,Um quadrinho que todo mundo gosta menos você,Lanterna verde - a guerra dos anéis,Geoff Johns
39bd26478e484da603e696399ee666ec,Um quadrinho nacional,Turma da Mônica: Laços,"Vitor Cafaggi,  Lu Cafaggi"
39bd26478e484da603e696399ee666ec,Quadrinho para rir,Skrotinhos,Angeli
39bd26478e484da603e696399ee666ec,Quadrinho para chorar,Habibi,Craig Thompson
3dda88d793c78bf94e2b02ed3e94fe18,Quadrinho para chorar,Duo.tone - Vitor Cafaggi,
3dda88d793c78bf94e2b02ed3e94fe18,Um quadrinho nacional,Me leve quando sair - Jéssica Groke,
3dda88d793c78bf94e2b02ed3e94fe18,Um quadrinho que todo mundo gosta menos você,X-Men - Visionaries,
3dda88d793c78bf94e2b02ed3e94fe18,Quadrinho para rir,Bufas Danadas - Gomba,
3dda88d793c78bf94e2b02ed3e94fe18,Quadrinho que mudou sua vida,Comic Book - O novo quadrinho Norte Americano,
3dda88d793c78bf94e2b02ed3e94fe18,Um/uma quadrinista,Lumiro Takahashi,
3dda88d793c78bf94e2b02ed3e94fe18,Indicação Livre,Deslocamento - Um diário de viagem - Lucy Knisley,
3dda88d793c78bf94e2b02ed3e94fe18,Um quadrinho para quem não lê quadrinhos,"Lola, a Andorinha - Laerte",
3e88896f5ed5821e022e1c6bb110e0c2,Indicação Livre,Yeshuah - Laudo,
3e88896f5ed5821e022e1c6bb110e0c2,Quadrinho para chorar,Cadernos de Viagem - Laudo,
3e88896f5ed5821e022e1c6bb110e0c2,Um quadrinho nacional,Não apontou nenhum,
3e88896f5ed5821e022e1c6bb110e0c2,Um quadrinho que todo mundo gosta menos você,Qualquer coisa de super herói,
3e88896f5ed5821e022e1c6bb110e0c2,Quadrinho que mudou sua vida,Asterix,
3e88896f5ed5821e022e1c6bb110e0c2,Um/uma quadrinista,Harvey Kurtzman,
3e88896f5ed5821e022e1c6bb110e0c2,Quadrinho para rir,Chuva de merda,
40b60e44047825af411b817a3d873c44,Quadrinho para rir,Tirinhas camila padilha,
40b60e44047825af411b817a3d873c44,Um quadrinho nacional,Sapatoons querdrinhos,
40b60e44047825af411b817a3d873c44,Indicação Livre,Ensimes - Flavushh,
40b60e44047825af411b817a3d873c44,Um/uma quadrinista,Alison Bechdel,
40b60e44047825af411b817a3d873c44,Quadrinho que mudou sua vida,O espelho de mogli,
40b60e44047825af411b817a3d873c44,Um quadrinho para quem não lê quadrinhos,Quadradinhas,
40b60e44047825af411b817a3d873c44,Um quadrinho que todo mundo gosta menos você,Super heroi,
40b60e44047825af411b817a3d873c44,Quadrinho para chorar,Raiz - Dudu Torres,
42b1879aa0b187845a8805fe813b90d8,Um quadrinho nacional,Mesa Para Dois,"Fábio Moon,  Gabriel Bá"
42b1879aa0b187845a8805fe813b90d8,Quadrinho para chorar,Persépolis,
42b1879aa0b187845a8805fe813b90d8,Quadrinho que mudou sua vida,Batman - O cavaleiro das trevas,Frank Miller
42b1879aa0b187845a8805fe813b90d8,Um/uma quadrinista,-,"Jeph Loeb, Tim Sale"
42b1879aa0b187845a8805fe813b90d8,Indicação Livre,Astronauta: Magnetar,"Danilo Beyruth,  Cris Peter"
42b1879aa0b187845a8805fe813b90d8,Quadrinho para rir,Quadrinho da mônica,
42b1879aa0b187845a8805fe813b90d8,Um quadrinho que todo mundo gosta menos você,Deadpool,"Gerry Duggan,  Scott Koblish"
4312061ce4c6c202d3586280d0be9c34,Quadrinho para rir,"Eu sou Sakamoto, você sabe",
4312061ce4c6c202d3586280d0be9c34,Quadrinho para chorar,One Piece,
4312061ce4c6c202d3586280d0be9c34,Um quadrinho nacional,Lobisomem sem barba - Wagner Willian,
4312061ce4c6c202d3586280d0be9c34,Um/uma quadrinista,Paula Puiupu,
4312061ce4c6c202d3586280d0be9c34,Um quadrinho para quem não lê quadrinhos,Talco de Vidro - Marcello Quintanilha,
4312061ce4c6c202d3586280d0be9c34,Indicação Livre,Asteróides - Estrelas em Fúria,
4312061ce4c6c202d3586280d0be9c34,Quadrinho que mudou sua vida,Onanie master kurosawa,
4312061ce4c6c202d3586280d0be9c34,Um quadrinho que todo mundo gosta menos você,Não apontou nenhum,
45f947fd7452da0c015bf076da0cfba4,Quadrinho que mudou sua vida,Hate - Peter Badgge,
45f947fd7452da0c015bf076da0cfba4,Um quadrinho para quem não lê quadrinhos,Smegma,
45f947fd7452da0c015bf076da0cfba4,Um quadrinho que todo mundo gosta menos você,Astronauta: Magnetar,"Danilo Beyruth,  Cris Peter"
45f947fd7452da0c015bf076da0cfba4,Um quadrinho nacional,Histórias Repentinas - Laerte,
45f947fd7452da0c015bf076da0cfba4,Um/uma quadrinista,Robert Crumb,
45f947fd7452da0c015bf076da0cfba4,Quadrinho para chorar,Berserk - Kentaro Miura,
45f947fd7452da0c015bf076da0cfba4,Quadrinho para rir,úlcera vortex,
45f947fd7452da0c015bf076da0cfba4,Indicação Livre,Know Haole - Gerlack,
48e30e39b2d3eb8f0380e29f5a75eefd,Indicação Livre,Ulcera Vortex,
48e30e39b2d3eb8f0380e29f5a75eefd,Quadrinho para rir,Smegma,
48e30e39b2d3eb8f0380e29f5a75eefd,Quadrinho para chorar,A saga do tio patinhas,
48e30e39b2d3eb8f0380e29f5a75eefd,Um quadrinho nacional,Matadores de unicórnios,
48e30e39b2d3eb8f0380e29f5a75eefd,Um quadrinho que todo mundo gosta menos você,Terra X,
48e30e39b2d3eb8f0380e29f5a75eefd,Quadrinho que mudou sua vida,Preacher,
48e30e39b2d3eb8f0380e29f5a75eefd,Um/uma quadrinista,Simon bisley,
4962c96a48ca925d6dbea974460090ce,Um quadrinho nacional,Aventuras na ilha do Tesouro - Pedro Cobiaco,
4962c96a48ca925d6dbea974460090ce,Um quadrinho que todo mundo gosta menos você,tungstenio quintanilha,
4962c96a48ca925d6dbea974460090ce,Um quadrinho para quem não lê quadrinhos,Castelo De Areia - Frederick,
4962c96a48ca925d6dbea974460090ce,Quadrinho que mudou sua vida,"Gliese 581 - bolinha, lucas, nix estrela",
4962c96a48ca925d6dbea974460090ce,Um/uma quadrinista,Não apontou nenhum,
4962c96a48ca925d6dbea974460090ce,Indicação Livre,Infestatio - Amanda Paschoal,
4962c96a48ca925d6dbea974460090ce,Quadrinho para chorar,Estigmas - Mattotti,
4962c96a48ca925d6dbea974460090ce,Quadrinho para rir,Reunion - Pascal Girard,
50f6841c40d7946e8d2644661ddfa77c,Indicação Livre,House of Penance,
50f6841c40d7946e8d2644661ddfa77c,Quadrinho para rir,Smegma,
50f6841c40d7946e8d2644661ddfa77c,Quadrinho para chorar,Carolina - Sirlene,
50f6841c40d7946e8d2644661ddfa77c,Um quadrinho nacional,Cadernos de Viagem - Laudo,
50f6841c40d7946e8d2644661ddfa77c,Um quadrinho que todo mundo gosta menos você,Calvin e Haroldo,
50f6841c40d7946e8d2644661ddfa77c,Quadrinho que mudou sua vida,Almanaque de Kripta,
50f6841c40d7946e8d2644661ddfa77c,Um/uma quadrinista,Macartti,
56a0d4b7a33532f05d515018b5f2f556,Quadrinho para chorar,Coto Maltese - Hugo Pratt,
56a0d4b7a33532f05d515018b5f2f556,Um quadrinho nacional,Ordinário - Rafael Sica,
56a0d4b7a33532f05d515018b5f2f556,Um quadrinho que todo mundo gosta menos você,Turma da monica, Mauricio de Sousa
56a0d4b7a33532f05d515018b5f2f556,Um quadrinho para quem não lê quadrinhos,Ryotiras,
56a0d4b7a33532f05d515018b5f2f556,Quadrinho que mudou sua vida,Arzach - Moebius,
56a0d4b7a33532f05d515018b5f2f556,Um/uma quadrinista,Laerte,
56a0d4b7a33532f05d515018b5f2f556,Indicação Livre,Angola Janga,
56a0d4b7a33532f05d515018b5f2f556,Quadrinho para rir,Não apontou nenhum,
5b53f53fbff01867b5a07d3766c2df80,Quadrinho para chorar,O muro - Fraipont,
5b53f53fbff01867b5a07d3766c2df80,Um quadrinho que todo mundo gosta menos você,O reino do amanhça,
5b53f53fbff01867b5a07d3766c2df80,Quadrinho para rir,Heck if I know - facebook,
5b53f53fbff01867b5a07d3766c2df80,Quadrinho que mudou sua vida,Chateau des etoiles,
5b53f53fbff01867b5a07d3766c2df80,Um/uma quadrinista,Jean Giraud (Moebius),
5b53f53fbff01867b5a07d3766c2df80,Indicação Livre,Salto - Rapha Ribeiro,
5b53f53fbff01867b5a07d3766c2df80,Um quadrinho nacional,Beladona,
5b53f53fbff01867b5a07d3766c2df80,Um quadrinho para quem não lê quadrinhos,asterios polyp,
5b78c3d5aa63041ddfc63f47609e8129,Quadrinho para rir,Smegma,
5b78c3d5aa63041ddfc63f47609e8129,Quadrinho para chorar,Chico Bento,
5b78c3d5aa63041ddfc63f47609e8129,Um quadrinho nacional,Bar - O miolo frito,
5b78c3d5aa63041ddfc63f47609e8129,Um quadrinho para quem não lê quadrinhos,O babaca,
5b78c3d5aa63041ddfc63f47609e8129,Quadrinho que mudou sua vida,Ano do Bumerangue,
5b78c3d5aa63041ddfc63f47609e8129,Um/uma quadrinista,Mccarthi,
5b78c3d5aa63041ddfc63f47609e8129,Indicação Livre,Esgoto Carcerário - Emilly Bonna,
5b78c3d5aa63041ddfc63f47609e8129,Um quadrinho que todo mundo gosta menos você,Valente - Vitor Cafaggi,
5ee3dbd91c2d1f5af6b82313c98d500b,Quadrinho para chorar,Maus,Art Spiegelman
5ee3dbd91c2d1f5af6b82313c98d500b,Um quadrinho nacional,Astronauta: Magnetar,"Danilo Beyruth,  Cris Peter"
5ee3dbd91c2d1f5af6b82313c98d500b,Um quadrinho que todo mundo gosta menos você,Sandman,"Neil Gaiman, Mike Dringenberg, Chris Bachalo, Michael Zulli, Kelly Jone, Charles Vess, Colleen Doran, Malcolm Jones II, Steve Parkhouse, Daniel Vozz, Lee Loughridg, Steve Olif, Todd Klein, Dave McKea, Sam Kieth"
5ee3dbd91c2d1f5af6b82313c98d500b,Quadrinho que mudou sua vida,Demolidor: A Queda De Murdock,Frank Miller
5ee3dbd91c2d1f5af6b82313c98d500b,Um/uma quadrinista,-,John Byrne
5ee3dbd91c2d1f5af6b82313c98d500b,Indicação Livre,Watchmen,"Alan Moore, Dave Gibbons"
5ee3dbd91c2d1f5af6b82313c98d500b,Quadrinho para rir,Toda Mafalda,Quino
61e564f115a5e0042c72bd9788022134,Um/uma quadrinista,Robert Dennis Crumb,
61e564f115a5e0042c72bd9788022134,Indicação Livre,Victor Bello,
61e564f115a5e0042c72bd9788022134,Quadrinho que mudou sua vida,Animal - revista em quadrinho,
61e564f115a5e0042c72bd9788022134,Um quadrinho nacional,Transubstanciação - Lourenço,
61e564f115a5e0042c72bd9788022134,Quadrinho para chorar,Ruínas - Peter Kuper,
61e564f115a5e0042c72bd9788022134,Quadrinho para rir,Calvin e Haroldo,
61e564f115a5e0042c72bd9788022134,Um quadrinho que todo mundo gosta menos você,Daytripper,
64311bd7e9236ac3a0e858a08bb43011,Indicação Livre,O Marido do meu irmão - Gengoroh Tagame,
64311bd7e9236ac3a0e858a08bb43011,Um/uma quadrinista,Marcelo D'Salete,
64311bd7e9236ac3a0e858a08bb43011,Quadrinho que mudou sua vida,Maus,Art Spiegelman
64311bd7e9236ac3a0e858a08bb43011,Um quadrinho para quem não lê quadrinhos,Jeremias - Jefferson Costa,
64311bd7e9236ac3a0e858a08bb43011,Um quadrinho que todo mundo gosta menos você,Crise nas infinitas terras,
64311bd7e9236ac3a0e858a08bb43011,Um quadrinho nacional,Angola Janga,
64311bd7e9236ac3a0e858a08bb43011,Quadrinho para chorar,Não era você que eu esperava - Fabiel Toulmé,
64311bd7e9236ac3a0e858a08bb43011,Quadrinho para rir,A última Bailarina,
67228fd6e8d21807a33927ac12499304,Quadrinho que mudou sua vida,A insustentável leveza do ser,
67228fd6e8d21807a33927ac12499304,Um/uma quadrinista,A terra dos filhos - Gipi,
67228fd6e8d21807a33927ac12499304,Quadrinho para rir,Bom e velho Cuttlas,
67228fd6e8d21807a33927ac12499304,Quadrinho para chorar,Talco de vidro,
67228fd6e8d21807a33927ac12499304,Um quadrinho nacional,Diomedes - Lourenço,
67228fd6e8d21807a33927ac12499304,Um quadrinho para quem não lê quadrinhos,Sshhhh - Jason,
67228fd6e8d21807a33927ac12499304,Indicação Livre,Nave - Julhelena,
67228fd6e8d21807a33927ac12499304,Um quadrinho que todo mundo gosta menos você,Harmatã - Pedro,
68a0bae409f4f4e932f257c29e38d856,Um quadrinho que todo mundo gosta menos você,Suicidas,
68a0bae409f4f4e932f257c29e38d856,Quadrinho que mudou sua vida,Sandman,"Neil Gaiman, Mike Dringenberg, Chris Bachalo, Michael Zulli, Kelly Jone, Charles Vess, Colleen Doran, Malcolm Jones II, Steve Parkhouse, Daniel Vozz, Lee Loughridg, Steve Olif, Todd Klein, Dave McKea, Sam Kieth"
68a0bae409f4f4e932f257c29e38d856,Um quadrinho nacional,Quadrinhos A2,
68a0bae409f4f4e932f257c29e38d856,Quadrinho para chorar,Gen - pés descalços,
68a0bae409f4f4e932f257c29e38d856,Quadrinho para rir,Matadores de unicórnios,
68a0bae409f4f4e932f257c29e38d856,Um/uma quadrinista,Alan Moore,
68a0bae409f4f4e932f257c29e38d856,Indicação Livre,O escultor - Scott McCloud,
6929904742ae1af40b38115db5afbe0f,Quadrinho para rir,Roomates - Mórbida Diferença,
6929904742ae1af40b38115db5afbe0f,Um quadrinho que todo mundo gosta menos você,Piada Mortal,
6929904742ae1af40b38115db5afbe0f,Um quadrinho para quem não lê quadrinhos,Talco de Vidro,
6929904742ae1af40b38115db5afbe0f,Quadrinho que mudou sua vida,"know haole #4 - o zine ""louco""",
6929904742ae1af40b38115db5afbe0f,Um/uma quadrinista,Michael Deforge,
6929904742ae1af40b38115db5afbe0f,Indicação Livre,Queda - Lalo,
6929904742ae1af40b38115db5afbe0f,Um quadrinho nacional,Talco de Vidro,
6929904742ae1af40b38115db5afbe0f,Quadrinho para chorar,O Ateneu,
6a5e44424045fce5e6fd8346085c7420,Quadrinho para chorar,Tartarugas Ninja,
6a5e44424045fce5e6fd8346085c7420,Quadrinho para rir,Preacher,
6a5e44424045fce5e6fd8346085c7420,Indicação Livre,Benjamin Marra - qq um dele,
6a5e44424045fce5e6fd8346085c7420,Um/uma quadrinista,Kazuo Koike,
6a5e44424045fce5e6fd8346085c7420,Um quadrinho para quem não lê quadrinhos,Chico Bento,
6a5e44424045fce5e6fd8346085c7420,Quadrinho que mudou sua vida,Blues - Crumb,
6a5e44424045fce5e6fd8346085c7420,Um quadrinho que todo mundo gosta menos você,Hip Hop Genealogia,
6a5e44424045fce5e6fd8346085c7420,Um quadrinho nacional,Revista Baiacu,
749bfd63a9ad1f740d5592a4373407b5,Quadrinho que mudou sua vida,Turma da monica, Mauricio de Sousa
749bfd63a9ad1f740d5592a4373407b5,Um quadrinho para quem não lê quadrinhos,Bone - Jeff Smith,
749bfd63a9ad1f740d5592a4373407b5,Um quadrinho que todo mundo gosta menos você,Justice - Alex Ross,
749bfd63a9ad1f740d5592a4373407b5,Um quadrinho nacional,Daytripper,
749bfd63a9ad1f740d5592a4373407b5,Quadrinho para chorar,Maus,Art Spiegelman
749bfd63a9ad1f740d5592a4373407b5,Quadrinho para rir,Aragonés destroi a dc/marvel,
749bfd63a9ad1f740d5592a4373407b5,Um/uma quadrinista,Neil Gaiman,
749bfd63a9ad1f740d5592a4373407b5,Indicação Livre,-,Will Eisner
753b43134c3a06b94fa3324a936533d5,Quadrinho para chorar,"A Morte do Superman, Volume 1","Dan Jurgens,  Jerry Ordway"
753b43134c3a06b94fa3324a936533d5,Um quadrinho nacional,Proscritos,Beto Nicácio
753b43134c3a06b94fa3324a936533d5,Um quadrinho que todo mundo gosta menos você,-,-
753b43134c3a06b94fa3324a936533d5,Quadrinho que mudou sua vida,"A Morte do Superman, Volume 1","Dan Jurgens,  Jerry Ordway"
753b43134c3a06b94fa3324a936533d5,Indicação Livre,Batman & Robin,"Grant Morrison, Frank Quitely"
753b43134c3a06b94fa3324a936533d5,Um/uma quadrinista,-,Jim Lee
753b43134c3a06b94fa3324a936533d5,Quadrinho para rir,Batman 66,"Jeff Parker and Tom Peyer, with cover art by Mike Allred."
79fa7ee43e021595a9357b94540e70c2,Um quadrinho para quem não lê quadrinhos,Carolina - Sirlene e João pinheiro,
79fa7ee43e021595a9357b94540e70c2,Um/uma quadrinista,Marcelo D'Salete,
79fa7ee43e021595a9357b94540e70c2,Quadrinho que mudou sua vida,-,Will Eisner
79fa7ee43e021595a9357b94540e70c2,Um quadrinho que todo mundo gosta menos você,Superman,
79fa7ee43e021595a9357b94540e70c2,Um quadrinho nacional,Cumbe - Marcelo D'Salete,
79fa7ee43e021595a9357b94540e70c2,Indicação Livre,A origem do mundo - A vulva vs Patriacardo,
79fa7ee43e021595a9357b94540e70c2,Quadrinho para rir,Aline - Angeli,
79fa7ee43e021595a9357b94540e70c2,Quadrinho para chorar,Cumbe - Marcelo D'Salete,
7ad30db46389eecf8d3bfc2e62016f10,Indicação Livre,Thor - O deus do trovão,
7ad30db46389eecf8d3bfc2e62016f10,Um/uma quadrinista,Ivan Reis,
7ad30db46389eecf8d3bfc2e62016f10,Quadrinho que mudou sua vida,Crise nas infinitas terras,
7ad30db46389eecf8d3bfc2e62016f10,Um quadrinho que todo mundo gosta menos você,Youngblood,
7ad30db46389eecf8d3bfc2e62016f10,Um quadrinho nacional,Lizzie Bordello,
7ad30db46389eecf8d3bfc2e62016f10,Quadrinho para chorar,Gen - pés descalços,
7ad30db46389eecf8d3bfc2e62016f10,Quadrinho para rir,Recruta Zero,
7b56ff326634b909ab00849513d20374,Um quadrinho nacional,Ulcera Vortex,
7b56ff326634b909ab00849513d20374,Um quadrinho que todo mundo gosta menos você,One Piece,
7b56ff326634b909ab00849513d20374,Quadrinho que mudou sua vida,Chiclete com banana,
7b56ff326634b909ab00849513d20374,Um/uma quadrinista,Lu Cafaggi,
7b56ff326634b909ab00849513d20374,Quadrinho para chorar,Culpa - Eiko,
7b56ff326634b909ab00849513d20374,Quadrinho para rir,Smegma,
7b56ff326634b909ab00849513d20374,Indicação Livre,Gus - Christophen Blain,
7f52b8fc5116c2cb92bdfe6a5dc9b6ea,Quadrinho para chorar,Gen - pés descalços,
7f52b8fc5116c2cb92bdfe6a5dc9b6ea,Quadrinho para rir,Tragical Misery Tour - Ricardo Coimbra,
7f52b8fc5116c2cb92bdfe6a5dc9b6ea,Um quadrinho nacional,INCIDENTE EM TUNGUSKA - Pedro Franz,
7f52b8fc5116c2cb92bdfe6a5dc9b6ea,Indicação Livre,Cumbe - Marcelo D'Salete,
7f52b8fc5116c2cb92bdfe6a5dc9b6ea,Um/uma quadrinista,Gilberto Hernández,
7f52b8fc5116c2cb92bdfe6a5dc9b6ea,Quadrinho que mudou sua vida,Nova York: A Vida na Grande Cidade,Will Eisner
7f52b8fc5116c2cb92bdfe6a5dc9b6ea,Um quadrinho que todo mundo gosta menos você,Daytripper,
81fcdfed97b3b4a7307fb17a9aa5432e,Um quadrinho nacional,Beco do Rosário,
81fcdfed97b3b4a7307fb17a9aa5432e,Quadrinho que mudou sua vida,Fradim Henfil,
81fcdfed97b3b4a7307fb17a9aa5432e,Um quadrinho que todo mundo gosta menos você,Lanterna verde,
81fcdfed97b3b4a7307fb17a9aa5432e,Indicação Livre,Quadrinhos A2,
81fcdfed97b3b4a7307fb17a9aa5432e,Quadrinho para chorar,Culpa - Eiko,
81fcdfed97b3b4a7307fb17a9aa5432e,Quadrinho para rir,Rê Bordosa -Angeli,
81fcdfed97b3b4a7307fb17a9aa5432e,Um/uma quadrinista,Jaime Hernandez,
878467edb97f6a3082eba3a490a24a89,Quadrinho para chorar,Os últimos dias do Xerife - Thiago ossostortos,
878467edb97f6a3082eba3a490a24a89,Indicação Livre,Isaac O pirata,
878467edb97f6a3082eba3a490a24a89,Um/uma quadrinista,Daniel Clowes,
878467edb97f6a3082eba3a490a24a89,Quadrinho que mudou sua vida,Lobo Solitário,
878467edb97f6a3082eba3a490a24a89,Um quadrinho para quem não lê quadrinhos,Os ignorantes - Etienne Davodeau,
878467edb97f6a3082eba3a490a24a89,Um quadrinho que todo mundo gosta menos você,Shangrila - Mbablet,
878467edb97f6a3082eba3a490a24a89,Um quadrinho nacional,Ordinário - Rafael Sica,
878467edb97f6a3082eba3a490a24a89,Quadrinho para rir,Diego Gerlack - Porta do inferno,
8a65e91f788d5119bf13f3b6f3f1a579,Quadrinho para rir,Ayako - Osamu,
8a65e91f788d5119bf13f3b6f3f1a579,Indicação Livre,Não apontou nenhum,
8a65e91f788d5119bf13f3b6f3f1a579,Quadrinho para chorar,Gen - pés descalços,
8a65e91f788d5119bf13f3b6f3f1a579,Um quadrinho nacional,Úlcera Vortex,
8a65e91f788d5119bf13f3b6f3f1a579,Um/uma quadrinista,Chantal Montellier,
8a65e91f788d5119bf13f3b6f3f1a579,Quadrinho que mudou sua vida,Angola Janga,
8a65e91f788d5119bf13f3b6f3f1a579,Um quadrinho para quem não lê quadrinhos,Terreno - Paulo Crumbim,
8a65e91f788d5119bf13f3b6f3f1a579,Um quadrinho que todo mundo gosta menos você,Marvel anos 60,
8b757d4a2621ba548aebf686969558de,Quadrinho para chorar,Gen - pés descalços,
8b757d4a2621ba548aebf686969558de,Quadrinho para rir,"Adão, TinTin, Vuillemur",
8b757d4a2621ba548aebf686969558de,Um/uma quadrinista,Munhoz,
8b757d4a2621ba548aebf686969558de,Indicação Livre,"Rubber Blanket, Cidade de Vidro Paul",
8b757d4a2621ba548aebf686969558de,Um quadrinho nacional,Macarthi - Creme de milho com bacon,
8b757d4a2621ba548aebf686969558de,Um quadrinho que todo mundo gosta menos você,Disney,
8b757d4a2621ba548aebf686969558de,Um quadrinho para quem não lê quadrinhos,Maus,Art Spiegelman
8b757d4a2621ba548aebf686969558de,Quadrinho que mudou sua vida,The Best of the Spirit,"Will Eisner,  Neil Gaiman "
947541f699412b204cfa8ed99f30fe56,Quadrinho que mudou sua vida,Eu te amo Lucimar - Lorenço Mutarelli,
947541f699412b204cfa8ed99f30fe56,Um/uma quadrinista,Lourenço Mutarelli,
947541f699412b204cfa8ed99f30fe56,Indicação Livre,A propriedade - rutu modan,
947541f699412b204cfa8ed99f30fe56,Um quadrinho que todo mundo gosta menos você,Uma morte horrível,
947541f699412b204cfa8ed99f30fe56,Quadrinho para chorar,Ultimos dias de Pompeo,
947541f699412b204cfa8ed99f30fe56,Quadrinho para rir,"Dinamica de Bruto, vida de prastico",
947541f699412b204cfa8ed99f30fe56,Um quadrinho nacional,Talco de vidro,
98e8eb293b9252c364456714a9935283,Quadrinho para rir,Deadpool,"Gerry Duggan,  Scott Koblish"
98e8eb293b9252c364456714a9935283,Quadrinho para chorar,Piada mortal,
98e8eb293b9252c364456714a9935283,Um quadrinho nacional,Talco de vidro,
98e8eb293b9252c364456714a9935283,Um quadrinho que todo mundo gosta menos você,Mangá,
98e8eb293b9252c364456714a9935283,Quadrinho que mudou sua vida,Watchmen,"Alan Moore, Dave Gibbons"
98e8eb293b9252c364456714a9935283,Indicação Livre,Mulher Maravilha - George Perez,
98e8eb293b9252c364456714a9935283,Um/uma quadrinista,Germana Vianna,
9b6ee72d6ccd73f33874715e5b5f03d4,Indicação Livre,Boundless - Jillan Tamaki,
9b6ee72d6ccd73f33874715e5b5f03d4,Um quadrinho nacional,Noiteluz - Marcelo D'Salette,
9b6ee72d6ccd73f33874715e5b5f03d4,Um quadrinho que todo mundo gosta menos você,A arte de Charlie Chan Hock Chye,
9b6ee72d6ccd73f33874715e5b5f03d4,Um quadrinho para quem não lê quadrinhos,Y - O último homem,
9b6ee72d6ccd73f33874715e5b5f03d4,Quadrinho que mudou sua vida,Elektra - Assassina,
9b6ee72d6ccd73f33874715e5b5f03d4,Um/uma quadrinista,"Bianca Pinheiro, Lenna Davis",
9b6ee72d6ccd73f33874715e5b5f03d4,Quadrinho para rir,Os inimigos superiores do homem aranha,
9b6ee72d6ccd73f33874715e5b5f03d4,Quadrinho para chorar,"Aqui, capa de janela",
a2180f1e5fe93472fdb8e79e594e62ba,Um/uma quadrinista,George Pérez,
a2180f1e5fe93472fdb8e79e594e62ba,Quadrinho para rir,Fradim Henfil,
a2180f1e5fe93472fdb8e79e594e62ba,Quadrinho para chorar,O monstro - Fabio Coala,
a2180f1e5fe93472fdb8e79e594e62ba,Um quadrinho nacional,Fawcett - Colin,
a2180f1e5fe93472fdb8e79e594e62ba,Um quadrinho que todo mundo gosta menos você,Não apontou nenhum,
a2180f1e5fe93472fdb8e79e594e62ba,Um quadrinho para quem não lê quadrinhos,Maus,Art Spiegelman
a2180f1e5fe93472fdb8e79e594e62ba,Quadrinho que mudou sua vida,O escudo Arveno - Asterix,
a2180f1e5fe93472fdb8e79e594e62ba,Indicação Livre,Asterix,
a2c76d05904d6e6358d5a91585de308f,Indicação Livre,Krazy Kat  -George Herriman,
a2c76d05904d6e6358d5a91585de308f,Um/uma quadrinista,José Munhoz,
a2c76d05904d6e6358d5a91585de308f,Quadrinho que mudou sua vida,Asterios Polyp,
a2c76d05904d6e6358d5a91585de308f,Um quadrinho para quem não lê quadrinhos,Maus,Art Spiegelman
a2c76d05904d6e6358d5a91585de308f,Um quadrinho nacional,Muchacha - Laerte,
a2c76d05904d6e6358d5a91585de308f,Quadrinho para chorar,Gen - pés descalços,
a2c76d05904d6e6358d5a91585de308f,Quadrinho para rir,Ranma 1/2,
a2c76d05904d6e6358d5a91585de308f,Um quadrinho que todo mundo gosta menos você,Desengano - Camilo Solano,
a4cc1533a925537b1b5410b6ab271783,Um quadrinho que todo mundo gosta menos você,Reino do amanhã,
a4cc1533a925537b1b5410b6ab271783,Quadrinho que mudou sua vida,A piada mortal,
a4cc1533a925537b1b5410b6ab271783,Um/uma quadrinista,Kyle Baker,
a4cc1533a925537b1b5410b6ab271783,Indicação Livre,Future Quest,
a4cc1533a925537b1b5410b6ab271783,Um quadrinho nacional,Lizzie Bordello,
a4cc1533a925537b1b5410b6ab271783,Quadrinho para chorar,Turma da Mônica: Laços,"Vitor Cafaggi,  Lu Cafaggi"
a4cc1533a925537b1b5410b6ab271783,Quadrinho para rir,Rat queens,
af6a1a05fe2c79effe6c6e8d28ad1d9f,Indicação Livre,Ghost World - Daniel Clowes,
af6a1a05fe2c79effe6c6e8d28ad1d9f,Um/uma quadrinista,Neil Gaiman e Dave McKean,
af6a1a05fe2c79effe6c6e8d28ad1d9f,Quadrinho que mudou sua vida,Sandman,"Neil Gaiman, Mike Dringenberg, Chris Bachalo, Michael Zulli, Kelly Jone, Charles Vess, Colleen Doran, Malcolm Jones II, Steve Parkhouse, Daniel Vozz, Lee Loughridg, Steve Olif, Todd Klein, Dave McKea, Sam Kieth"
af6a1a05fe2c79effe6c6e8d28ad1d9f,Um quadrinho para quem não lê quadrinhos,Quadrinhos A2,
af6a1a05fe2c79effe6c6e8d28ad1d9f,Um quadrinho que todo mundo gosta menos você,One Piece,
af6a1a05fe2c79effe6c6e8d28ad1d9f,Um quadrinho nacional,Bulldogma,
af6a1a05fe2c79effe6c6e8d28ad1d9f,Quadrinho para chorar,O Soldador Subquatico ,
af6a1a05fe2c79effe6c6e8d28ad1d9f,Quadrinho para rir,Kung Fu Ganja,
b25a0c5fbb1a41ebf068e1c5586618d6,Quadrinho para rir,Mulheromem,
b25a0c5fbb1a41ebf068e1c5586618d6,Um quadrinho nacional,Beladona,
b25a0c5fbb1a41ebf068e1c5586618d6,Quadrinho para chorar,O mundo de Aisha,
b25a0c5fbb1a41ebf068e1c5586618d6,Um quadrinho que todo mundo gosta menos você,Talco de vidro,
b25a0c5fbb1a41ebf068e1c5586618d6,Indicação Livre,Parafusos - Ellen forney,
b25a0c5fbb1a41ebf068e1c5586618d6,Um/uma quadrinista,Ana Luiza Koehler,
b25a0c5fbb1a41ebf068e1c5586618d6,Quadrinho que mudou sua vida,Sandman,"Neil Gaiman, Mike Dringenberg, Chris Bachalo, Michael Zulli, Kelly Jone, Charles Vess, Colleen Doran, Malcolm Jones II, Steve Parkhouse, Daniel Vozz, Lee Loughridg, Steve Olif, Todd Klein, Dave McKea, Sam Kieth"
b40d8b44e8273832a408f14761531cd5,Quadrinho que mudou sua vida,Akira,
b40d8b44e8273832a408f14761531cd5,Indicação Livre,Couro de Gato - Patati e Sanchez,
b40d8b44e8273832a408f14761531cd5,Um/uma quadrinista,Mutarelli,
b40d8b44e8273832a408f14761531cd5,Um quadrinho para quem não lê quadrinhos,O sistema - Peter Kuper,
b40d8b44e8273832a408f14761531cd5,Quadrinho para rir,Ordinário - Rafael Sica,
b40d8b44e8273832a408f14761531cd5,Quadrinho para chorar,Luzes de Niterói - Marcello Quintanilha,
b40d8b44e8273832a408f14761531cd5,Um quadrinho nacional,A noite dos palhaços mudos - Laerte,
b40d8b44e8273832a408f14761531cd5,Um quadrinho que todo mundo gosta menos você,Gen - pés descalços,
b415dae826fa4d846ed06975edc4f0e1,Um/uma quadrinista,Warren Ellis,
b415dae826fa4d846ed06975edc4f0e1,Um quadrinho que todo mundo gosta menos você,Matinê - Marcelo costa,
b415dae826fa4d846ed06975edc4f0e1,Um quadrinho nacional,Bulldogma wagner william,
b415dae826fa4d846ed06975edc4f0e1,Quadrinho para chorar,Condado de essex,
b415dae826fa4d846ed06975edc4f0e1,Quadrinho para rir,Ryotiras,
b415dae826fa4d846ed06975edc4f0e1,Quadrinho que mudou sua vida,"asterios polyp, daytripper",
b415dae826fa4d846ed06975edc4f0e1,Indicação Livre,Alone - Chabouté,
b93d1620bcdce3af6a6d4f8e004047a0,Indicação Livre,Moonshadow Jon J Muth,
b93d1620bcdce3af6a6d4f8e004047a0,HQ Gringa que sonha traduzir,Desvendando os quadrinhos - Scott McCloud,
b93d1620bcdce3af6a6d4f8e004047a0,HQ Nacional que sonha traduzir para outra lingua,Qq coisa da Laerte,
b93d1620bcdce3af6a6d4f8e004047a0,Quadrinho para chorar,Rosalie Lightning - Tom hart,
b93d1620bcdce3af6a6d4f8e004047a0,Um quadrinho nacional,Ordinário - Rafael Sica,
b93d1620bcdce3af6a6d4f8e004047a0,Quadrinho para rir,Dr. Slump,
b93d1620bcdce3af6a6d4f8e004047a0,Um quadrinho para quem não lê quadrinhos,Fun home,
b93d1620bcdce3af6a6d4f8e004047a0,Quadrinho que mudou sua vida,Retalhos - Craig Thompson,
b93d1620bcdce3af6a6d4f8e004047a0,Um/uma quadrinista,Chris Ware,
b93d1620bcdce3af6a6d4f8e004047a0,Um quadrinho que todo mundo gosta menos você,Robert Crumb,
ba3f7ff46429ad4d88c0e765d3402477,Quadrinho para rir,O miolo frito,
ba3f7ff46429ad4d88c0e765d3402477,Um quadrinho nacional,Talco de vidro,
ba3f7ff46429ad4d88c0e765d3402477,Um quadrinho que todo mundo gosta menos você,Não foi feita a pergunta,
ba3f7ff46429ad4d88c0e765d3402477,Um quadrinho para quem não lê quadrinhos,Meu amigo Dahmer,
ba3f7ff46429ad4d88c0e765d3402477,Quadrinho que mudou sua vida,Monstro do Pantano - Alan Moore,
ba3f7ff46429ad4d88c0e765d3402477,Um/uma quadrinista,Alan Moore,
ba3f7ff46429ad4d88c0e765d3402477,Indicação Livre,Mascara,
ba3f7ff46429ad4d88c0e765d3402477,Quadrinho para chorar,Angola Janga,
ba6ed12a53296856d77d13f3a3f26805,Um quadrinho que todo mundo gosta menos você,Batman: Snow,"J.H. Williams III, Dan Curtis Johnson, Seth Fisher"
ba6ed12a53296856d77d13f3a3f26805,Um quadrinho nacional,Inspiração camilo solano,
ba6ed12a53296856d77d13f3a3f26805,Indicação Livre,Akira,
ba6ed12a53296856d77d13f3a3f26805,Um/uma quadrinista,Rafael Grampá,
ba6ed12a53296856d77d13f3a3f26805,Quadrinho que mudou sua vida,A garagem hermética,
ba6ed12a53296856d77d13f3a3f26805,Quadrinho para rir,Os segredos do morcego,
ba6ed12a53296856d77d13f3a3f26805,Quadrinho para chorar,Três sombras,
bd38150ef6f1e281e7cf798afdbb16da,Indicação Livre,"Rafael Coutinho - beijo adolescente, mas falou q pode qq um",
bd38150ef6f1e281e7cf798afdbb16da,Um/uma quadrinista,Chris Ware,
bd38150ef6f1e281e7cf798afdbb16da,Um quadrinho para quem não lê quadrinhos,"Shenzhen - Uma viagem a china - Guy Delisle, qq um dessa série",
bd38150ef6f1e281e7cf798afdbb16da,Um quadrinho que todo mundo gosta menos você,qq coisa do Crumb,
bd38150ef6f1e281e7cf798afdbb16da,Um quadrinho nacional,Ordinário - Rafael Sica,
bd38150ef6f1e281e7cf798afdbb16da,Quadrinho para chorar,Persépolis,
bd38150ef6f1e281e7cf798afdbb16da,Quadrinho para rir,Macanudo - Liniers,
bd38150ef6f1e281e7cf798afdbb16da,Quadrinho que mudou sua vida,Jimmy Corgan,
be65b68171a5a424e085be54db465c49,Quadrinho para rir,Bar - o miolo frito,
be65b68171a5a424e085be54db465c49,Um quadrinho nacional,know haole,
be65b68171a5a424e085be54db465c49,Indicação Livre,Complete cartoons of the new yorker,
be65b68171a5a424e085be54db465c49,Um/uma quadrinista,Carl Barks,
be65b68171a5a424e085be54db465c49,Quadrinho que mudou sua vida,Holandes Voador,
be65b68171a5a424e085be54db465c49,Um quadrinho para quem não lê quadrinhos,Habibi,Craig Thompson
be65b68171a5a424e085be54db465c49,Um quadrinho que todo mundo gosta menos você,Asterix,
be65b68171a5a424e085be54db465c49,Quadrinho para chorar,frango com ameixas - marjane satrapi,
c0293ce4a5ac6e4cd0d1e766b231d83f,Quadrinho para rir,Mar menino - Paulo Moreira,
c0293ce4a5ac6e4cd0d1e766b231d83f,Quadrinho para chorar,Não era você que eu esperava - Fabiel Toulmé,
c0293ce4a5ac6e4cd0d1e766b231d83f,Um quadrinho nacional,Me leve quando sair - Jéssica Groke,
c0293ce4a5ac6e4cd0d1e766b231d83f,Um quadrinho que todo mundo gosta menos você,Eles estão por aí - Bianca Pinheiro & Greg Stella,
c0293ce4a5ac6e4cd0d1e766b231d83f,Um quadrinho para quem não lê quadrinhos,Minha coisa favorita é monstro - Emil Ferris,
c0293ce4a5ac6e4cd0d1e766b231d83f,Um/uma quadrinista,Alison Bechdel,
c0293ce4a5ac6e4cd0d1e766b231d83f,Quadrinho que mudou sua vida,Aline e seus dois namorados - Adão,
c0293ce4a5ac6e4cd0d1e766b231d83f,Indicação Livre,Moi en double,
cf98b69576345aaaf6d966b66c2e111c,Indicação Livre,Calvin e Haroldo,
cf98b69576345aaaf6d966b66c2e111c,Um/uma quadrinista,Neil Gaiman,
cf98b69576345aaaf6d966b66c2e111c,Quadrinho que mudou sua vida,Spider Man,
cf98b69576345aaaf6d966b66c2e111c,Um quadrinho que todo mundo gosta menos você,Asterix,
cf98b69576345aaaf6d966b66c2e111c,Um quadrinho nacional,Bulldogma wagner william,
cf98b69576345aaaf6d966b66c2e111c,Quadrinho para rir,Calvin e Haroldo,
cf98b69576345aaaf6d966b66c2e111c,Quadrinho para chorar,O cão que guardava as estrelas,
d49010e705a14ecc3cff6da6995e37ac,Quadrinho para rir,Kick Ass volume 1,
d49010e705a14ecc3cff6da6995e37ac,Um quadrinho nacional,Finório,
d49010e705a14ecc3cff6da6995e37ac,Um quadrinho que todo mundo gosta menos você,Lobo,
d49010e705a14ecc3cff6da6995e37ac,Quadrinho que mudou sua vida,V de vingança,
d49010e705a14ecc3cff6da6995e37ac,Quadrinho para chorar,Daytripper,
d49010e705a14ecc3cff6da6995e37ac,Um/uma quadrinista,"Quintanlha, André Diniz",
d49010e705a14ecc3cff6da6995e37ac,Indicação Livre,Tungstênio,
d9dcbc318c28305ff208913c570779d9,Um quadrinho que todo mundo gosta menos você,Qualquer coisa de super herói,
d9dcbc318c28305ff208913c570779d9,Quadrinho que mudou sua vida,Ao coração da tempestade,Will Eisner
d9dcbc318c28305ff208913c570779d9,Um/uma quadrinista,Alberto Breccia,
d9dcbc318c28305ff208913c570779d9,Indicação Livre,Matadores de unicórnios,
d9dcbc318c28305ff208913c570779d9,Quadrinho para rir,"Perca amigos, pergunte-me como Allan Sieber",
d9dcbc318c28305ff208913c570779d9,Quadrinho para chorar,Risco - Marcelo D'Salette,
d9dcbc318c28305ff208913c570779d9,Um quadrinho nacional,tungstenio quintanilha,
e0067777d9fcd11414efd351be8538e8,Indicação Livre,Os companheiros do Crepúsculo,
e0067777d9fcd11414efd351be8538e8,Um/uma quadrinista,-,Will Eisner
e0067777d9fcd11414efd351be8538e8,Quadrinho que mudou sua vida,Quarteto fantastico a batalha do século,
e0067777d9fcd11414efd351be8538e8,Um quadrinho que todo mundo gosta menos você,Deadpool,"Gerry Duggan,  Scott Koblish"
e0067777d9fcd11414efd351be8538e8,Um quadrinho nacional,Estórias Gerais,
e0067777d9fcd11414efd351be8538e8,Quadrinho para chorar,Três sombras,
e0067777d9fcd11414efd351be8538e8,Quadrinho para rir,gaston lagaffe,
e3402e32a8976a5b5241200803a13d86,Um quadrinho nacional,Fradim Henfil,
e3402e32a8976a5b5241200803a13d86,Quadrinho para chorar,Três sombras,
e3402e32a8976a5b5241200803a13d86,Quadrinho para rir,Glauco - Geraldão,
e3402e32a8976a5b5241200803a13d86,Indicação Livre,São Paulo dos Mortos,
e3402e32a8976a5b5241200803a13d86,Um/uma quadrinista,Macartti,
e3402e32a8976a5b5241200803a13d86,Quadrinho que mudou sua vida,V de vingança,
e3402e32a8976a5b5241200803a13d86,Um quadrinho que todo mundo gosta menos você,"Calvin e Haroldo, disney",
ea15f643fba0a0bfac8515d1d04967f0,Quadrinho para rir,Hulk Coisa,
ea15f643fba0a0bfac8515d1d04967f0,Um quadrinho nacional,Caixa de Areia - Mutarelli,
ea15f643fba0a0bfac8515d1d04967f0,Quadrinho para chorar,We3 0 Morrison,
ea15f643fba0a0bfac8515d1d04967f0,Um quadrinho que todo mundo gosta menos você,Jimmy Corgan,
ea15f643fba0a0bfac8515d1d04967f0,Um quadrinho para quem não lê quadrinhos,Uma irmã,
ea15f643fba0a0bfac8515d1d04967f0,Quadrinho que mudou sua vida,Sandman,"Neil Gaiman, Mike Dringenberg, Chris Bachalo, Michael Zulli, Kelly Jone, Charles Vess, Colleen Doran, Malcolm Jones II, Steve Parkhouse, Daniel Vozz, Lee Loughridg, Steve Olif, Todd Klein, Dave McKea, Sam Kieth"
ea15f643fba0a0bfac8515d1d04967f0,Um/uma quadrinista,David Mazzucchelli,
ea15f643fba0a0bfac8515d1d04967f0,Indicação Livre,Gnut - Paulo Cumim bim sl,
efec9599b3e47cda82f70984d9eb0e9e,Quadrinho para rir,Garfield (2582 Tiras),Jim Davis
efec9599b3e47cda82f70984d9eb0e9e,Indicação Livre,Palestina,Joe Sacco
efec9599b3e47cda82f70984d9eb0e9e,Quadrinho para chorar,Maus,Art Spiegelman
efec9599b3e47cda82f70984d9eb0e9e,Um quadrinho nacional,10 Pãezinhos,"Fábio Moon,  Gabriel Bá"
efec9599b3e47cda82f70984d9eb0e9e,Um quadrinho que todo mundo gosta menos você,Os Novos 52,-
efec9599b3e47cda82f70984d9eb0e9e,Quadrinho que mudou sua vida,Demolidor: A Queda De Murdock,Frank Miller
efec9599b3e47cda82f70984d9eb0e9e,Um/uma quadrinista,-,Will Eisner
f19dbf2edb3a0bd74b0524d960ff21eb,Um quadrinho nacional,Angola Janga,
f19dbf2edb3a0bd74b0524d960ff21eb,Um quadrinho que todo mundo gosta menos você,Old Man Logan,
f19dbf2edb3a0bd74b0524d960ff21eb,Um quadrinho para quem não lê quadrinhos,Maus,Art Spiegelman
f19dbf2edb3a0bd74b0524d960ff21eb,Indicação Livre,Hip Hop Genealogia,
f19dbf2edb3a0bd74b0524d960ff21eb,Quadrinho para chorar,La Dansarina,
f19dbf2edb3a0bd74b0524d960ff21eb,Quadrinho para rir,Linha do Trem,
f19dbf2edb3a0bd74b0524d960ff21eb,Quadrinho que mudou sua vida,"Homem Aranha - Volume 6, maiores classicos panini",
f19dbf2edb3a0bd74b0524d960ff21eb,Um/uma quadrinista,Garth Ennis,
f3b1484c539cdf4d4cd5fa14f91d905e,Indicação Livre,Parker - O Caçador,
f3b1484c539cdf4d4cd5fa14f91d905e,Um/uma quadrinista,-,Will Eisner
f3b1484c539cdf4d4cd5fa14f91d905e,Quadrinho que mudou sua vida,Sandman,"Neil Gaiman, Mike Dringenberg, Chris Bachalo, Michael Zulli, Kelly Jone, Charles Vess, Colleen Doran, Malcolm Jones II, Steve Parkhouse, Daniel Vozz, Lee Loughridg, Steve Olif, Todd Klein, Dave McKea, Sam Kieth"
f3b1484c539cdf4d4cd5fa14f91d905e,Quadrinho para chorar,Daytripper,
f3b1484c539cdf4d4cd5fa14f91d905e,Um quadrinho para quem não lê quadrinhos,Não foi feita a pergunta,
f3b1484c539cdf4d4cd5fa14f91d905e,Um quadrinho nacional,Cadernos de Viagem - Laudo,
f3b1484c539cdf4d4cd5fa14f91d905e,Um quadrinho que todo mundo gosta menos você,Não apontou nenhum,
f3b1484c539cdf4d4cd5fa14f91d905e,Quadrinho para rir,Calvin e Haroldo,
faddc93013eab4ce28aff79fca30b545,Um quadrinho para quem não lê quadrinhos,Não apontou nenhum,
faddc93013eab4ce28aff79fca30b545,Quadrinho para rir,Bela mas perigosa - angus McKie,
faddc93013eab4ce28aff79fca30b545,Quadrinho para chorar,Lobo Solitário Uma esposa do coração,
faddc93013eab4ce28aff79fca30b545,Um quadrinho nacional,As aventuras de Nhôquim & Zé Caipora,
faddc93013eab4ce28aff79fca30b545,Um quadrinho que todo mundo gosta menos você,Qq um da Disney,
faddc93013eab4ce28aff79fca30b545,Quadrinho que mudou sua vida,Não apontou nenhum,
faddc93013eab4ce28aff79fca30b545,Um/uma quadrinista,Wilson Maquei,
faddc93013eab4ce28aff79fca30b545,Indicação Livre,A mulher do mágico,
faddc93013eab4ce28aff79fca30b545,Quadrinho Espanhol,Cortomaltese,
fae9c206ee6d30bc9a9eb5e9561e3c49,Quadrinho para chorar,Habibi,Craig Thompson
fae9c206ee6d30bc9a9eb5e9561e3c49,Um/uma quadrinista,Bianca Pinheiro,
fae9c206ee6d30bc9a9eb5e9561e3c49,Um quadrinho nacional,Talco de vidro,
fae9c206ee6d30bc9a9eb5e9561e3c49,Quadrinho para rir,O arabe do futuro,
fae9c206ee6d30bc9a9eb5e9561e3c49,Um quadrinho que todo mundo gosta menos você,Umbrella Academy,
fae9c206ee6d30bc9a9eb5e9561e3c49,Quadrinho que mudou sua vida,Habibi,Craig Thompson
fae9c206ee6d30bc9a9eb5e9561e3c49,Um quadrinho para quem não lê quadrinhos,Pílulas Azuis,
fae9c206ee6d30bc9a9eb5e9561e3c49,Indicação Livre,Ayako - Osamu,
ff31156fdffe45d3d9e89e9f33c5e6bb,Um/uma quadrinista,Marjane Satrapi,
ff31156fdffe45d3d9e89e9f33c5e6bb,Quadrinho que mudou sua vida,Harbinger faith,
ff31156fdffe45d3d9e89e9f33c5e6bb,Um quadrinho que todo mundo gosta menos você,Guerra Civil #1,
ff31156fdffe45d3d9e89e9f33c5e6bb,Um quadrinho nacional,Capitão Feio - Identidade,
ff31156fdffe45d3d9e89e9f33c5e6bb,Quadrinho para chorar,Retalhos - Craig Thompson,
ff31156fdffe45d3d9e89e9f33c5e6bb,Quadrinho para rir,Ninguém vira adulto de verdade - Sarah Andersen,
ff31156fdffe45d3d9e89e9f33c5e6bb,Indicação Livre,Culpa - Eiko,
ff76cb560db09ccd339085da8830688b,Quadrinho para rir,Ultima bailarina - guilherme de sousa,
ff76cb560db09ccd339085da8830688b,Quadrinho para chorar,Condado de essex,
ff76cb560db09ccd339085da8830688b,Um quadrinho nacional,Diomedes - Lourenço,
ff76cb560db09ccd339085da8830688b,Um quadrinho que todo mundo gosta menos você,Piada mortal,
ff76cb560db09ccd339085da8830688b,Quadrinho que mudou sua vida,Maus,Art Spiegelman
ff76cb560db09ccd339085da8830688b,Um/uma quadrinista,Alan Moore,
ff76cb560db09ccd339085da8830688b,Indicação Livre,Hulk da encruzilhada,
